timestamp,dataset_changed,status,response_time_ms,action_type
2025-09-30T11:17:23.632530,student_scores.csv,failure,16328.68,deploy
2025-09-30T11:19:54.071199,student_scores.csv,failure,15039.03,deploy
2025-09-30T11:56:26.678730,student_scores.csv,failure,15675.85,deploy
2025-09-30T11:59:25.272333,student_scores.csv,success,15028.78,deploy
2025-09-30T13:10:15.545893,student_scores.csv,success,15029.18,deploy
2025-09-30T13:50:51.900898,student_scores.csv,success,15016.12,deploy
2025-09-30T16:07:20.797553,student_scores.csv,failure,15034.89,deploy
2025-09-30T16:11:35.148509,student_scores.csv,success,15030.22,deploy
2025-09-30T17:18:12.775423,student_scores.csv,success,15057.79,deploy
2025-09-30T17:22:53.979491,student_scores.csv,failure,16704.08,deploy
2025-09-30T17:29:22.155008,student_scores.csv,success,15715.52,deploy
2025-09-30T17:42:25.619113,student_scores.csv,success,45040.72,deploy
2025-09-30T20:04:37.480769,student_scores.csv,success,16010.49,deploy
2025-10-01T18:38:01.187508,student_scores.csv,success,15065.03,deploy
2025-10-01T18:39:37.092324,student_scores.csv,success,15030.19,deploy
2025-10-01T18:57:22.848081,student_scores.csv,success,15026.05,deploy
2025-10-01T19:07:56.026214,student_scores.csv,success,15048.95,deploy
2025-10-01T19:39:31.204627,student_scores.csv,success,15026.29,deploy
2025-10-01T19:47:35.593300,student_scores.csv,success,15035.99,deploy
2025-10-01T19:49:27.037413,student_scores.csv,success,15037.81,deploy
2025-10-01T19:49:52.159684,student_scores.csv,success,15040.44,deploy
2025-10-01T19:50:43.255102,student_scores.csv,failure,20000.02,deploy
2025-10-01T19:51:42.136808,student_scores.csv,success,20000.31,deploy
2025-10-01T19:52:40.093742,student_scores.csv,failure,20000.01,deploy
2025-10-01T20:00:13.841435,student_scores.csv,failure,20000.21,deploy
2025-10-01T20:07:44.330878,student_scores.csv,failure,20000.42,deploy
2025-10-01T20:08:21.167275,student_scores.csv,success,20000.18,deploy
2025-10-01T20:39:51.180371,student_scores.csv,success,20000.08,deploy
2025-10-01T20:40:06.871833,student_scores.csv,failure,20000.07,deploy
2025-10-01T20:40:22.633676,student_scores.csv,failure,20000.09,deploy
2025-10-01T21:01:30.314010,student_scores.csv,success,15033.05,deploy
2025-10-01T21:02:59.863039,student_scores.csv,failure,20000.19,deploy
2025-10-01T21:03:33.936632,student_scores.csv,success,20000.45,deploy
2025-10-01T21:15:24.524774,student_scores.csv,success,15039.62,deploy
2025-10-02T12:43:51.476337,student_scores.csv,success,15148.03,deploy
2025-10-02T12:49:04.340816,student_scores.csv,success,15025.63,deploy
2025-10-02T18:59:34.378096,student_scores.csv,success,15417.88,deploy
2025-10-02T19:00:26.504624,student_scores.csv,success,15011.68,deploy
2025-10-02T19:01:46.848780,student_scores.csv,success,17343.1,deploy
2025-10-02T19:01:46.904607,student_scores.csv,success,200,heal_adjust
2025-10-02T19:03:26.513661,student_scores.csv,success,15013.77,deploy
2025-10-02T19:12:59.701693,student_scores.csv,success,15024.85,deploy
2025-10-02T19:14:48.953396,student_scores.csv,success,20000,deploy
2025-10-02T19:14:49.003447,student_scores.csv,success,200,heal_adjust
2025-10-02T19:15:45.997001,student_scores.csv,failure,2000,deploy
2025-10-02T19:16:01.051611,student_scores.csv,success,15022.25,heal_retry
2025-10-02T19:42:11.427883,student_scores.csv,success,15016.07,deploy
2025-10-02T19:51:33.533689,student_scores.csv,success,15058.28,deploy
2025-10-02T19:54:56.817058,student_scores.csv,success,15044.53,deploy
2025-10-02T19:56:27.535428,student_scores.csv,failure,2000,deploy
2025-10-02T19:56:42.629022,student_scores.csv,success,15023.21,heal_retry
2025-10-02T19:57:45.410172,student_scores.csv,success,20000,deploy
2025-10-02T19:57:45.463014,student_scores.csv,success,200,heal_adjust
2025-10-03T11:01:16.185928,student_scores.csv,success,15244.9,deploy
2025-10-03T11:06:41.643493,student_scores.csv,success,20000,deploy
2025-10-03T11:06:41.674391,student_scores.csv,success,200,heal_adjust
2025-10-03T11:07:28.419037,student_scores.csv,failure,2000,deploy
2025-10-03T11:07:43.881023,student_scores.csv,success,15418.84,heal_retry
2025-10-03T11:09:06.270703,student_scores.csv,success,15024.52,deploy
2025-10-03T11:11:23.530629,student_scores.csv,success,15011.18,deploy
2025-10-03T12:33:05.293298,student_scores.csv,success,15023.72,deploy
2025-10-03T12:33:52.199149,student_scores.csv,success,15022.29,deploy
2025-10-03T12:34:14.989200,student_scores.csv,failure,2000,deploy
2025-10-03T12:34:34.443200,student_scores.csv,success,19376.18,heal_retry
2025-10-03T12:35:10.813546,student_scores.csv,success,20000,deploy
2025-10-03T12:35:10.843182,student_scores.csv,success,200,heal_adjust
2025-10-03T12:40:27.829918,student_scores.csv,success,20000,deploy
2025-10-03T12:40:43.131793,student_scores.csv,success,15098.58,heal_retry
2025-10-03T12:49:46.602044,student_scores.csv,failure,2000,deploy
2025-10-03T12:50:01.970511,student_scores.csv,success,15318.7,heal_restore
2025-10-03T13:01:54.161583,student_scores.csv,success,15035.77,deploy
2025-10-03T13:02:58.645049,student_scores.csv,failure,2000,deploy
2025-10-03T13:03:13.699600,student_scores.csv,success,15024.2,heal_retry
2025-10-03T13:09:37.653834,student_scores.csv,success,15022.45,deploy
2025-10-03T13:17:06.698381,patient_health.csv,success,15031.06,deploy
2025-10-03T13:18:09.703912,student_scores.csv,failure,2000,deploy
2025-10-03T13:18:24.764832,student_scores.csv,success,15022.76,heal_retry
2025-10-03T13:19:24.195745,student_scores.csv,success,20000,deploy
2025-10-03T13:19:24.233556,student_scores.csv,success,200,heal_adjust
2025-10-03T13:23:43.213358,patient_health.csv,success,20000,deploy
2025-10-03T13:23:43.322838,patient_health.csv,success,200,heal_adjust
2025-10-03T13:24:46.034072,patient_health.csv,success,15040.79,deploy
2025-10-03T13:25:01.198331,patient_health.csv,success,15079.41,heal_retry
2025-10-03T13:27:29.578936,patient_health.csv,success,15048.49,deploy
2025-10-03T13:27:44.716334,patient_health.csv,success,15043.57,heal_retry
2025-10-03T14:07:57.324926,student_scores.csv,success,15082.66,deploy
2025-10-03T14:08:12.823904,student_scores.csv,success,15047.54,deploy
2025-10-03T14:09:39.686031,patient_health.csv,success,15074.88,deploy
2025-10-03T14:09:55.933471,patient_health.csv,success,15051.69,deploy
2025-10-03T15:28:17.173013,student_scores.csv,success,15032.45,deploy
2025-10-03T15:28:59.179456,patient_health.csv,success,15042.36,deploy
2025-10-03T15:29:37.830138,patient_health.csv,success,15032.85,deploy
2025-10-03T15:29:53.090224,patient_health.csv,success,15054.66,heal_retry
