timestamp,status,event
2025-09-30T17:22:37.173390,UP,Initial status check
2025-09-30T17:22:54.112727,DOWN,Deployment failure
2025-09-30T17:29:22.470898,UP,Successful deployment
2025-10-02T19:01:46.899717,DOWN,High latency detected: 17343.10 ms.
2025-10-02T19:01:46.907505,UP,Recovery successful via heal_adjust
2025-10-02T19:14:48.998631,DOWN,High latency detected: 20000.00 ms.
2025-10-02T19:14:49.004448,UP,Recovery successful via heal_adjust
2025-10-02T19:15:46.018966,DOWN,Last deployment attempt failed.
2025-10-02T19:16:01.057464,UP,Recovery successful via heal_retry
2025-10-02T19:56:27.591104,DOWN,Last deployment attempt failed.
2025-10-02T19:56:42.633041,UP,Recovery successful via heal_retry
2025-10-02T19:57:45.458460,DOWN,High latency detected: 20000.00 ms.
2025-10-02T19:57:45.472279,UP,Recovery successful via heal_adjust
2025-10-03T11:06:41.653151,DOWN,High latency detected: 20000.00 ms.
2025-10-03T11:06:41.678297,UP,Recovery successful via heal_adjust
2025-10-03T11:07:28.441799,DOWN,Last deployment attempt failed.
2025-10-03T11:07:43.890056,UP,Recovery successful via heal_retry
2025-10-03T12:34:15.056539,DOWN,Last deployment attempt failed.
2025-10-03T12:34:34.474827,UP,Recovery successful via heal_retry
2025-10-03T12:35:10.839624,DOWN,High latency detected: 20000.00 ms.
2025-10-03T12:35:10.844505,UP,Recovery successful via heal_adjust
2025-10-03T12:40:28.027218,DOWN,High latency detected: 20000.00 ms.
2025-10-03T12:40:43.140036,UP,Recovery successful via heal_retry
2025-10-03T12:49:46.631030,DOWN,Last deployment attempt failed.
2025-10-03T12:50:01.970511,UP,Recovery successful via heal_restore
2025-10-03T13:02:58.674263,DOWN,Last deployment attempt failed.
2025-10-03T13:03:13.703606,UP,Recovery successful via heal_retry
2025-10-03T13:18:09.735566,DOWN,Last deployment attempt failed.
2025-10-03T13:18:24.764832,UP,Recovery successful via heal_retry
2025-10-03T13:19:24.229533,DOWN,High latency detected: 20000.00 ms.
2025-10-03T13:19:24.233556,UP,Recovery successful via heal_adjust
2025-10-03T13:23:43.302725,DOWN,High latency detected: 20000.00 ms.
2025-10-03T13:23:43.335550,UP,Recovery successful via heal_adjust
2025-10-03T13:24:46.110871,DOWN,Abnormal vital sign: High heart rate detected (150).
2025-10-03T13:25:01.202367,UP,Recovery successful via heal_retry
2025-10-03T13:27:29.657740,DOWN,Abnormal vital sign: High heart rate detected (150).
2025-10-03T13:27:44.722065,UP,Recovery successful via heal_retry
2025-10-03T15:29:37.998173,DOWN,Abnormal vital sign: High heart rate detected (150).
2025-10-03T15:29:53.227810,UP,Recovery successful via heal_retry
